Query,count_tax_nontarget,Bitscore_sum_tax_nontarget,count_tax_target,Bitscore_sum_tax_target,Bitscore_sum_tax_nontarget > Bitscore_sum_tax_target?
Smic.gene10101.mRNA1,0.0,0.0,49.0,5819.999999999999,False
Smic.gene10133.mRNA1,0.0,0.0,48.0,8566.3,False
Smic.gene10178.mRNA1,0.0,0.0,40.0,26537.80000000001,False
Smic.gene10221.mRNA1,0.0,0.0,46.0,6189.399999999999,False
Smic.gene10248.mRNA1,0.0,0.0,48.0,5468.200000000001,False
Smic.gene10274.mRNA1,0.0,0.0,49.0,10518.400000000001,False
Smic.gene10297.mRNA1,0.0,0.0,43.0,23994.899999999998,False
Smic.gene10343.mRNA1,0.0,0.0,49.0,15063.800000000001,False
Smic.gene10365.mRNA1,0.0,0.0,48.0,18226.300000000003,False
Smic.gene10426.mRNA1,10.0,760.0999999999999,35.0,2794.6000000000004,False
Smic.gene10515.mRNA1,0.0,0.0,47.0,12367.899999999994,False
Smic.gene10538.mRNA1,6.0,454.0,12.0,1184.2,False
Smic.gene10548.mRNA1,1.0,71.2,0.0,0.0,True
Smic.gene10572.mRNA1,0.0,0.0,49.0,8892.099999999995,False
Smic.gene10610.mRNA1,1.0,87.8,43.0,3488.5,False
Smic.gene10652.mRNA1,0.0,0.0,45.0,3089.8,False
Smic.gene1081.mRNA1,0.0,0.0,44.0,3367.2,False
Smic.gene10811.mRNA1,0.0,0.0,47.0,5542.3,False
Smic.gene10835.mRNA1,0.0,0.0,47.0,5440.000000000001,False
Smic.gene10860.mRNA1,0.0,0.0,48.0,34372.5,False
Smic.gene10870.mRNA1,0.0,0.0,33.0,5257.700000000001,False
Smic.gene10952.mRNA1,14.0,1542.3000000000002,26.0,2190.7999999999997,False
Smic.gene10972.mRNA1,0.0,0.0,49.0,14628.000000000002,False
Smic.gene11039.mRNA1,0.0,0.0,43.0,14005.800000000005,False
Smic.gene11053.mRNA1,0.0,0.0,48.0,28334.2,False
Smic.gene11083.mRNA1,0.0,0.0,49.0,3577.8,False
Smic.gene11153.mRNA1,0.0,0.0,43.0,3246.2000000000007,False
Smic.gene11222.mRNA1,0.0,0.0,46.0,7205.000000000001,False
Smic.gene11316.mRNA1,0.0,0.0,49.0,7385.6,False
Smic.gene11477.mRNA1,0.0,0.0,39.0,21153.399999999998,False
Smic.gene1149.mRNA1,0.0,0.0,49.0,16675.2,False
Smic.gene1155.mRNA1,0.0,0.0,40.0,5271.4000000000015,False
Smic.gene11625.mRNA1,2.0,155.6,47.0,3780.699999999998,False
Smic.gene1168.mRNA1,0.0,0.0,39.0,2789.3999999999996,False
Smic.gene11729.mRNA1,0.0,0.0,49.0,8806.7,False
Smic.gene11748.mRNA1,0.0,0.0,40.0,5722.299999999997,False
Smic.gene11766.mRNA1,0.0,0.0,46.0,20388.8,False
Smic.gene11858.mRNA1,0.0,0.0,50.0,4170.4,False
Smic.gene11893.mRNA1,0.0,0.0,49.0,4771.700000000003,False
Smic.gene11896.mRNA1,0.0,0.0,47.0,24703.7,False
Smic.gene11897.mRNA1,0.0,0.0,47.0,21076.900000000005,False
Smic.gene1191.mRNA1,0.0,0.0,49.0,14692.900000000001,False
Smic.gene11920.mRNA1,0.0,0.0,48.0,3096.800000000001,False
Smic.gene11940.mRNA1,0.0,0.0,41.0,2647.100000000001,False
Smic.gene11943.mRNA1,0.0,0.0,47.0,8863.699999999999,False
Smic.gene11951.mRNA1,0.0,0.0,43.0,10936.699999999997,False
Smic.gene11999.mRNA1,0.0,0.0,49.0,6852.099999999999,False
Smic.gene12039.mRNA1,0.0,0.0,47.0,16405.299999999996,False
Smic.gene12075.mRNA1,0.0,0.0,43.0,11688.499999999996,False
Smic.gene12097.mRNA1,0.0,0.0,48.0,6299.100000000002,False
Smic.gene12124.mRNA1,0.0,0.0,50.0,14872.700000000006,False
Smic.gene12129.mRNA1,0.0,0.0,45.0,3931.8000000000025,False
Smic.gene12132.mRNA1,7.0,731.3000000000001,12.0,1459.8,False
Smic.gene12221.mRNA1,0.0,0.0,48.0,9266.6,False
Smic.gene12227.mRNA1,0.0,0.0,49.0,4364.1,False
Smic.gene12255.mRNA1,0.0,0.0,20.0,7463.4,False
Smic.gene12327.mRNA1,0.0,0.0,49.0,10695.799999999997,False
Smic.gene1234.mRNA1,0.0,0.0,48.0,6113.499999999998,False
Smic.gene1238.mRNA1,0.0,0.0,47.0,5157.200000000002,False
Smic.gene1239.mRNA1,0.0,0.0,48.0,15890.800000000003,False
Smic.gene12396.mRNA1,0.0,0.0,44.0,5109.899999999998,False
Smic.gene12465.mRNA1,0.0,0.0,48.0,6843.799999999999,False
Smic.gene12467.mRNA1,0.0,0.0,49.0,8358.400000000001,False
Smic.gene12469.mRNA1,0.0,0.0,48.0,13883.800000000005,False
Smic.gene12578.mRNA1,0.0,0.0,44.0,13949.399999999996,False
Smic.gene12600.mRNA1,0.0,0.0,49.0,7541.500000000001,False
Smic.gene1262.mRNA1,0.0,0.0,47.0,13405.8,False
Smic.gene12644.mRNA1,0.0,0.0,49.0,5104.600000000002,False
Smic.gene1274.mRNA1,0.0,0.0,49.0,7045.400000000001,False
Smic.gene12749.mRNA1,0.0,0.0,49.0,7940.200000000003,False
Smic.gene12751.mRNA1,0.0,0.0,24.0,1997.8,False
Smic.gene12756.mRNA1,0.0,0.0,8.0,510.29999999999995,False
Smic.gene12779.mRNA1,0.0,0.0,46.0,4231.0,False
Smic.gene1284.mRNA1,3.0,354.0,32.0,2463.0000000000014,False
Smic.gene12857.mRNA1,0.0,0.0,49.0,7998.099999999999,False
Smic.gene12867.mRNA1,0.0,0.0,49.0,18572.6,False
Smic.gene12868.mRNA1,1.0,101.3,47.0,3455.4,False
Smic.gene12884.mRNA1,2.0,136.7,43.0,3069.0999999999995,False
Smic.gene12895.mRNA1,0.0,0.0,49.0,10769.3,False
Smic.gene12923.mRNA1,0.0,0.0,49.0,3656.3000000000006,False
Smic.gene12924.mRNA1,0.0,0.0,49.0,30535.000000000007,False
Smic.gene12929.mRNA1,0.0,0.0,45.0,4787.399999999999,False
Smic.gene1294.mRNA1,0.0,0.0,46.0,7947.699999999997,False
Smic.gene12944.mRNA1,0.0,0.0,23.0,2069.5,False
Smic.gene13059.mRNA1,10.0,846.9000000000001,16.0,1688.0000000000002,False
Smic.gene13097.mRNA1,0.0,0.0,50.0,29273.199999999997,False
Smic.gene13130.mRNA1,0.0,0.0,50.0,10846.400000000001,False
Smic.gene13160.mRNA1,0.0,0.0,48.0,7368.0,False
Smic.gene13167.mRNA1,0.0,0.0,42.0,4817.400000000001,False
Smic.gene13261.mRNA1,0.0,0.0,50.0,6723.500000000001,False
Smic.gene13273.mRNA1,3.0,272.3,27.0,2236.1000000000004,False
Smic.gene1334.mRNA1,0.0,0.0,31.0,2475.7000000000003,False
Smic.gene13371.mRNA1,0.0,0.0,48.0,53464.899999999994,False
Smic.gene13373.mRNA1,1.0,162.2,42.0,4946.100000000001,False
Smic.gene13427.mRNA1,0.0,0.0,49.0,6359.700000000004,False
Smic.gene13432.mRNA1,0.0,0.0,47.0,9039.4,False
Smic.gene13437.mRNA1,0.0,0.0,49.0,3379.7000000000003,False
Smic.gene13451.mRNA1,0.0,0.0,48.0,9385.1,False
Smic.gene13455.mRNA1,0.0,0.0,44.0,3762.0000000000005,False
Smic.gene13482.mRNA1,0.0,0.0,48.0,8352.1,False
Smic.gene13529.mRNA1,4.0,384.8,6.0,529.5,False
Smic.gene13554.mRNA1,3.0,219.50000000000003,46.0,3415.6999999999994,False
Smic.gene13565.mRNA1,0.0,0.0,49.0,45618.90000000001,False
Smic.gene13578.mRNA1,0.0,0.0,50.0,6904.899999999998,False
Smic.gene13599.mRNA1,1.0,61.2,20.0,1529.3999999999999,False
Smic.gene1363.mRNA1,0.0,0.0,48.0,10944.9,False
Smic.gene13633.mRNA1,0.0,0.0,47.0,11606.000000000004,False
Smic.gene13641.mRNA1,0.0,0.0,47.0,3376.399999999999,False
Smic.gene13656.mRNA1,0.0,0.0,47.0,11230.699999999993,False
Smic.gene13671.mRNA1,0.0,0.0,47.0,8426.800000000003,False
Smic.gene13685.mRNA1,0.0,0.0,40.0,4015.5999999999995,False
Smic.gene13699.mRNA1,0.0,0.0,49.0,22939.60000000001,False
Smic.gene13745.mRNA1,0.0,0.0,40.0,6580.600000000001,False
Smic.gene13780.mRNA1,0.0,0.0,36.0,3318.1,False
Smic.gene13782.mRNA1,2.0,128.2,15.0,960.8999999999999,False
Smic.gene13828.mRNA1,0.0,0.0,50.0,5024.6,False
Smic.gene13949.mRNA1,0.0,0.0,49.0,16309.199999999997,False
Smic.gene13979.mRNA1,0.0,0.0,49.0,60533.1,False
Smic.gene13980.mRNA1,0.0,0.0,50.0,23616.80000000001,False
Smic.gene13983.mRNA1,0.0,0.0,48.0,3507.599999999999,False
Smic.gene14019.mRNA1,2.0,181.8,42.0,3794.599999999998,False
Smic.gene14030.mRNA1,0.0,0.0,49.0,12456.5,False
Smic.gene14043.mRNA1,0.0,0.0,48.0,3352.2999999999997,False
Smic.gene14050.mRNA1,0.0,0.0,48.0,12093.700000000003,False
Smic.gene14077.mRNA1,0.0,0.0,46.0,9688.100000000006,False
Smic.gene14133.mRNA1,0.0,0.0,47.0,27405.4,False
Smic.gene14153.mRNA1,0.0,0.0,48.0,10290.5,False
Smic.gene14154.mRNA1,0.0,0.0,48.0,9590.400000000001,False
Smic.gene14185.mRNA1,0.0,0.0,47.0,5083.5,False
Smic.gene14192.mRNA1,0.0,0.0,48.0,3693.2000000000007,False
Smic.gene14241.mRNA1,0.0,0.0,49.0,21073.300000000003,False
Smic.gene14266.mRNA1,0.0,0.0,48.0,14210.199999999999,False
Smic.gene14359.mRNA1,1.0,82.8,49.0,4353.8,False
Smic.gene14370.mRNA1,0.0,0.0,49.0,4891.3,False
Smic.gene14393.mRNA1,3.0,237.60000000000002,33.0,3933.8,False
Smic.gene144.mRNA1,0.0,0.0,48.0,5482.399999999998,False
Smic.gene14412.mRNA1,0.0,0.0,47.0,21614.2,False
Smic.gene14424.mRNA1,0.0,0.0,46.0,8845.8,False
Smic.gene14428.mRNA1,0.0,0.0,49.0,8256.900000000001,False
Smic.gene14448.mRNA1,0.0,0.0,30.0,11962.300000000001,False
Smic.gene14507.mRNA1,17.0,2004.7,22.0,2037.3999999999999,False
Smic.gene14511.mRNA1,23.0,2947.2000000000003,21.0,2678.3,True
Smic.gene14516.mRNA1,0.0,0.0,49.0,9570.400000000001,False
Smic.gene14524.mRNA1,0.0,0.0,47.0,3857.5000000000005,False
Smic.gene14540.mRNA1,0.0,0.0,50.0,4850.0,False
Smic.gene14594.mRNA1,0.0,0.0,47.0,6871.9,False
Smic.gene146.mRNA1,0.0,0.0,45.0,13576.999999999995,False
Smic.gene14625.mRNA1,0.0,0.0,49.0,3062.099999999999,False
Smic.gene14631.mRNA1,0.0,0.0,48.0,7840.500000000003,False
Smic.gene1465.mRNA1,3.0,229.10000000000002,33.0,2725.2000000000003,False
Smic.gene1466.mRNA1,3.0,230.99999999999997,32.0,2674.7000000000003,False
Smic.gene1467.mRNA1,0.0,0.0,47.0,14761.099999999997,False
Smic.gene14726.mRNA1,0.0,0.0,46.0,6079.899999999999,False
Smic.gene14745.mRNA1,2.0,129.0,18.0,1198.6,False
Smic.gene14747.mRNA1,1.0,89.7,40.0,3243.7999999999997,False
Smic.gene14797.mRNA1,0.0,0.0,49.0,7325.000000000001,False
Smic.gene14808.mRNA1,0.0,0.0,39.0,3232.5000000000005,False
Smic.gene14826.mRNA1,0.0,0.0,46.0,3956.5000000000005,False
Smic.gene14849.mRNA1,0.0,0.0,46.0,3190.999999999999,False
Smic.gene14910.mRNA1,3.0,240.7,39.0,3193.0000000000005,False
Smic.gene14937.mRNA1,0.0,0.0,46.0,4536.400000000001,False
Smic.gene14979.mRNA1,0.0,0.0,43.0,10772.599999999999,False
Smic.gene14987.mRNA1,0.0,0.0,48.0,4260.399999999998,False
Smic.gene15008.mRNA1,0.0,0.0,49.0,4066.7000000000007,False
Smic.gene15016.mRNA1,0.0,0.0,47.0,16642.500000000004,False
Smic.gene15038.mRNA1,0.0,0.0,48.0,6491.099999999999,False
Smic.gene15116.mRNA1,0.0,0.0,47.0,8003.5999999999985,False
Smic.gene15134.mRNA1,1.0,261.5,48.0,12679.80000000001,False
Smic.gene15135.mRNA1,0.0,0.0,46.0,5652.9,False
Smic.gene1515.mRNA1,3.0,267.3,4.0,322.4,False
Smic.gene15159.mRNA1,0.0,0.0,46.0,9363.500000000002,False
Smic.gene15164.mRNA1,0.0,0.0,49.0,5434.1,False
Smic.gene15166.mRNA1,0.0,0.0,46.0,3244.300000000001,False
Smic.gene15195.mRNA1,0.0,0.0,49.0,11596.7,False
Smic.gene15196.mRNA1,0.0,0.0,49.0,5239.499999999999,False
Smic.gene15208.mRNA1,0.0,0.0,45.0,26887.200000000004,False
Smic.gene15375.mRNA1,0.0,0.0,42.0,8823.1,False
Smic.gene15393.mRNA1,0.0,0.0,50.0,21655.3,False
Smic.gene15400.mRNA1,0.0,0.0,37.0,18009.600000000002,False
Smic.gene15469.mRNA1,0.0,0.0,49.0,14126.699999999999,False
Smic.gene15471.mRNA1,0.0,0.0,50.0,5685.199999999995,False
Smic.gene15477.mRNA1,0.0,0.0,46.0,3924.2999999999993,False
Smic.gene1548.mRNA1,0.0,0.0,50.0,15315.200000000004,False
Smic.gene15521.mRNA1,8.0,712.8000000000001,7.0,609.9000000000001,True
Smic.gene15650.mRNA1,0.0,0.0,44.0,9729.999999999996,False
Smic.gene15704.mRNA1,0.0,0.0,38.0,5211.500000000001,False
Smic.gene15718.mRNA1,0.0,0.0,45.0,3770.199999999999,False
Smic.gene15719.mRNA1,0.0,0.0,49.0,5483.5999999999985,False
Smic.gene1576.mRNA1,2.0,203.7,43.0,4102.099999999999,False
Smic.gene158.mRNA1,13.0,871.9000000000001,3.0,275.0,True
Smic.gene15861.mRNA1,5.0,404.6,40.0,4283.3,False
Smic.gene15863.mRNA1,0.0,0.0,47.0,10546.500000000004,False
Smic.gene1589.mRNA1,18.0,3033.5,22.0,2155.1000000000004,True
Smic.gene15906.mRNA1,0.0,0.0,46.0,5556.599999999999,False
Smic.gene16025.mRNA1,0.0,0.0,49.0,5797.600000000001,False
Smic.gene16096.mRNA1,1.0,75.9,48.0,3636.1,False
Smic.gene16180.mRNA1,0.0,0.0,47.0,16578.499999999996,False
Smic.gene16250.mRNA1,4.0,254.5,6.0,471.5,False
Smic.gene16292.mRNA1,0.0,0.0,49.0,6306.600000000001,False
Smic.gene16306.mRNA1,2.0,132.5,36.0,2388.8,False
Smic.gene16322.mRNA1,0.0,0.0,49.0,10192.300000000003,False
Smic.gene16327.mRNA1,0.0,0.0,49.0,5211.5,False
Smic.gene16353.mRNA1,0.0,0.0,49.0,4220.9,False
Smic.gene16435.mRNA1,0.0,0.0,47.0,3969.499999999998,False
Smic.gene16513.mRNA1,0.0,0.0,49.0,6705.100000000001,False
Smic.gene16532.mRNA1,0.0,0.0,49.0,5348.9,False
Smic.gene16550.mRNA1,0.0,0.0,49.0,4772.8,False
Smic.gene16564.mRNA1,0.0,0.0,48.0,3443.6,False
Smic.gene16570.mRNA1,0.0,0.0,39.0,2799.3999999999996,False
Smic.gene16571.mRNA1,0.0,0.0,48.0,17217.899999999994,False
Smic.gene16651.mRNA1,0.0,0.0,50.0,11667.599999999997,False
Smic.gene1666.mRNA1,0.0,0.0,49.0,9697.299999999997,False
Smic.gene16664.mRNA1,0.0,0.0,49.0,5512.4000000000015,False
Smic.gene16731.mRNA1,0.0,0.0,49.0,7314.000000000001,False
Smic.gene16736.mRNA1,0.0,0.0,47.0,6303.000000000001,False
Smic.gene16769.mRNA1,0.0,0.0,47.0,8453.599999999997,False
Smic.gene16853.mRNA1,1.0,210.3,37.0,8856.699999999999,False
Smic.gene16857.mRNA1,0.0,0.0,48.0,21326.600000000002,False
Smic.gene16956.mRNA1,0.0,0.0,46.0,12829.399999999996,False
Smic.gene17019.mRNA1,0.0,0.0,49.0,11923.400000000003,False
Smic.gene17073.mRNA1,0.0,0.0,50.0,12831.799999999996,False
Smic.gene17099.mRNA1,0.0,0.0,49.0,15556.499999999995,False
Smic.gene17177.mRNA1,0.0,0.0,28.0,3251.7,False
Smic.gene17210.mRNA1,0.0,0.0,28.0,2256.8999999999996,False
Smic.gene17228.mRNA1,0.0,0.0,49.0,8233.1,False
Smic.gene17229.mRNA1,0.0,0.0,45.0,8249.6,False
Smic.gene17234.mRNA1,0.0,0.0,45.0,9042.3,False
Smic.gene17248.mRNA1,1.0,62.8,2.0,175.2,False
Smic.gene17298.mRNA1,0.0,0.0,50.0,33616.299999999996,False
Smic.gene17304.mRNA1,0.0,0.0,37.0,5847.700000000001,False
Smic.gene1734.mRNA1,0.0,0.0,49.0,6571.600000000001,False
Smic.gene17352.mRNA1,0.0,0.0,49.0,13554.799999999996,False
Smic.gene17354.mRNA1,0.0,0.0,50.0,8023.799999999998,False
Smic.gene17467.mRNA1,0.0,0.0,50.0,11443.399999999998,False
Smic.gene17476.mRNA1,3.0,364.8,39.0,2853.799999999999,False
Smic.gene17522.mRNA1,0.0,0.0,47.0,7097.499999999999,False
Smic.gene17525.mRNA1,0.0,0.0,49.0,6537.6,False
Smic.gene17532.mRNA1,1.0,86.3,41.0,3334.2999999999997,False
Smic.gene17537.mRNA1,0.0,0.0,48.0,40731.2,False
Smic.gene17541.mRNA1,0.0,0.0,48.0,41791.100000000006,False
Smic.gene17550.mRNA1,10.0,792.1,39.0,4210.2,False
Smic.gene17610.mRNA1,0.0,0.0,49.0,11843.800000000003,False
Smic.gene17629.mRNA1,0.0,0.0,48.0,14446.300000000001,False
Smic.gene17643.mRNA1,0.0,0.0,48.0,31673.40000000001,False
Smic.gene17665.mRNA1,2.0,131.3,21.0,2077.5,False
Smic.gene17693.mRNA1,0.0,0.0,49.0,19272.0,False
Smic.gene17722.mRNA1,0.0,0.0,47.0,27958.599999999995,False
Smic.gene17744.mRNA1,0.0,0.0,46.0,11585.4,False
Smic.gene17770.mRNA1,1.0,231.9,48.0,10066.200000000003,False
Smic.gene17829.mRNA1,0.0,0.0,49.0,7927.0,False
Smic.gene17874.mRNA1,0.0,0.0,49.0,10056.500000000002,False
Smic.gene1789.mRNA1,0.0,0.0,45.0,3531.2000000000003,False
Smic.gene1801.mRNA1,0.0,0.0,43.0,3915.6000000000004,False
Smic.gene18085.mRNA1,0.0,0.0,46.0,6493.599999999999,False
Smic.gene18097.mRNA1,13.0,1057.3999999999999,0.0,0.0,True
Smic.gene18136.mRNA1,0.0,0.0,35.0,2712.8,False
Smic.gene18143.mRNA1,0.0,0.0,46.0,11405.0,False
Smic.gene18164.mRNA1,0.0,0.0,43.0,9794.7,False
Smic.gene18170.mRNA1,0.0,0.0,49.0,5867.299999999997,False
Smic.gene18191.mRNA1,1.0,209.5,36.0,9911.499999999998,False
Smic.gene18214.mRNA1,0.0,0.0,48.0,10871.4,False
Smic.gene18241.mRNA1,0.0,0.0,49.0,16235.3,False
Smic.gene18281.mRNA1,0.0,0.0,47.0,27645.899999999998,False
Smic.gene18282.mRNA1,0.0,0.0,49.0,6234.899999999997,False
Smic.gene18352.mRNA1,0.0,0.0,49.0,3440.4000000000005,False
Smic.gene18427.mRNA1,0.0,0.0,47.0,12278.600000000004,False
Smic.gene18433.mRNA1,0.0,0.0,49.0,12413.099999999995,False
Smic.gene18446.mRNA1,0.0,0.0,48.0,14303.200000000004,False
Smic.gene18498.mRNA1,0.0,0.0,50.0,30704.09999999999,False
Smic.gene185.mRNA1,9.0,2102.3999999999996,6.0,1230.2,True
Smic.gene18505.mRNA1,0.0,0.0,27.0,3518.600000000001,False
Smic.gene18562.mRNA1,0.0,0.0,47.0,4951.199999999999,False
Smic.gene18593.mRNA1,0.0,0.0,49.0,58504.9,False
Smic.gene18607.mRNA1,0.0,0.0,50.0,5987.799999999999,False
Smic.gene18610.mRNA1,0.0,0.0,44.0,4585.6,False
Smic.gene18619.mRNA1,0.0,0.0,48.0,6651.999999999998,False
Smic.gene18656.mRNA1,0.0,0.0,47.0,9606.2,False
Smic.gene18717.mRNA1,0.0,0.0,11.0,687.8,False
Smic.gene18719.mRNA1,0.0,0.0,49.0,5434.200000000003,False
Smic.gene18753.mRNA1,0.0,0.0,46.0,32056.2,False
Smic.gene18753.mRNASmic.gene18778.mRNA1,0.0,0.0,1.0,701.0,False
Smic.gene18778.mRNA1,0.0,0.0,44.0,31250.000000000004,False
Smic.gene18780.mRNA1,0.0,0.0,49.0,9504.4,False
Smic.gene18781.mRNA1,0.0,0.0,49.0,16895.6,False
Smic.gene18794.mRNA1,0.0,0.0,49.0,8488.800000000003,False
Smic.gene18803.mRNA1,0.0,0.0,49.0,4449.700000000001,False
Smic.gene18831.mRNA1,0.0,0.0,48.0,8951.4,False
Smic.gene18873.mRNA1,0.0,0.0,48.0,9406.299999999997,False
Smic.gene18879.mRNA1,0.0,0.0,49.0,18044.4,False
Smic.gene19034.mRNA1,6.0,1643.3,42.0,10783.300000000001,False
Smic.gene19065.mRNA1,0.0,0.0,49.0,3956.9,False
Smic.gene19160.mRNA1,0.0,0.0,46.0,2960.2999999999993,False
Smic.gene19168.mRNA1,4.0,452.1,15.0,1696.6999999999998,False
Smic.gene19233.mRNA1,0.0,0.0,48.0,10934.599999999999,False
Smic.gene19249.mRNA1,32.0,3084.900000000001,0.0,0.0,True
Smic.gene19250.mRNA1,19.0,1608.0,0.0,0.0,True
Smic.gene19267.mRNA1,0.0,0.0,50.0,9593.699999999997,False
Smic.gene19312.mRNA1,0.0,0.0,50.0,12901.799999999992,False
Smic.gene19364.mRNA1,0.0,0.0,50.0,8732.3,False
Smic.gene19383.mRNA1,0.0,0.0,49.0,36128.599999999984,False
Smic.gene19440.mRNA1,0.0,0.0,49.0,20471.6,False
Smic.gene19454.mRNA1,0.0,0.0,46.0,19239.399999999998,False
Smic.gene19469.mRNA1,0.0,0.0,49.0,22673.89999999999,False
Smic.gene19524.mRNA1,0.0,0.0,49.0,4130.5999999999985,False
Smic.gene19640.mRNA1,0.0,0.0,46.0,6955.200000000003,False
Smic.gene19660.mRNA1,0.0,0.0,49.0,20153.900000000005,False
Smic.gene19704.mRNA1,0.0,0.0,48.0,47627.69999999999,False
Smic.gene19817.mRNA1,0.0,0.0,47.0,20361.200000000004,False
Smic.gene19823.mRNA1,10.0,815.3000000000001,36.0,2734.5999999999995,False
Smic.gene19852.mRNA1,0.0,0.0,50.0,10835.100000000002,False
Smic.gene19879.mRNA1,0.0,0.0,48.0,12443.800000000003,False
Smic.gene19895.mRNA1,1.0,82.8,47.0,3935.900000000001,False
Smic.gene19931.mRNA1,0.0,0.0,47.0,8031.299999999998,False
Smic.gene19977.mRNA1,0.0,0.0,48.0,27010.199999999993,False
Smic.gene19992.mRNA1,0.0,0.0,48.0,12551.700000000003,False
Smic.gene20018.mRNA1,0.0,0.0,44.0,20772.499999999996,False
Smic.gene20085.mRNA1,0.0,0.0,49.0,22983.399999999994,False
Smic.gene20094.mRNA1,0.0,0.0,49.0,7235.000000000002,False
Smic.gene20101.mRNA1,0.0,0.0,44.0,5599.8,False
Smic.gene20150.mRNA1,0.0,0.0,48.0,24038.5,False
Smic.gene20192.mRNA1,0.0,0.0,49.0,11671.399999999998,False
Smic.gene20198.mRNA1,0.0,0.0,50.0,6913.900000000001,False
Smic.gene20203.mRNA1,0.0,0.0,49.0,4492.699999999999,False
Smic.gene2021.mRNA1,0.0,0.0,49.0,3275.5999999999995,False
Smic.gene20223.mRNA1,0.0,0.0,50.0,37224.49999999999,False
Smic.gene20250.mRNA1,0.0,0.0,48.0,5805.399999999999,False
Smic.gene20295.mRNA1,0.0,0.0,49.0,15730.699999999993,False
Smic.gene20333.mRNA1,0.0,0.0,49.0,18208.5,False
Smic.gene20381.mRNA1,0.0,0.0,47.0,3481.8000000000006,False
Smic.gene20482.mRNA1,0.0,0.0,49.0,14991.600000000002,False
Smic.gene20599.mRNA1,0.0,0.0,48.0,14850.0,False
Smic.gene20613.mRNA1,0.0,0.0,47.0,3121.2000000000007,False
Smic.gene20711.mRNA1,0.0,0.0,39.0,24160.499999999993,False
Smic.gene20741.mRNA1,0.0,0.0,49.0,22419.5,False
Smic.gene20763.mRNA1,0.0,0.0,48.0,39363.2,False
Smic.gene20764.mRNA1,0.0,0.0,48.0,7543.5999999999985,False
Smic.gene20805.mRNA1,0.0,0.0,49.0,49016.799999999996,False
Smic.gene20882.mRNA1,0.0,0.0,49.0,3438.1,False
Smic.gene20891.mRNA1,0.0,0.0,48.0,6118.9,False
Smic.gene20905.mRNA1,0.0,0.0,48.0,8917.100000000004,False
Smic.gene20962.mRNA1,0.0,0.0,44.0,9353.899999999998,False
Smic.gene20972.mRNA1,0.0,0.0,49.0,34752.8,False
Smic.gene20981.mRNA1,0.0,0.0,49.0,9780.8,False
Smic.gene21028.mRNA1,0.0,0.0,46.0,5515.4,False
Smic.gene21054.mRNA1,0.0,0.0,49.0,13304.199999999999,False
Smic.gene21076.mRNA1,0.0,0.0,45.0,10611.4,False
Smic.gene21120.mRNA1,0.0,0.0,49.0,12500.599999999995,False
Smic.gene21186.mRNA1,0.0,0.0,49.0,20800.699999999993,False
Smic.gene21193.mRNA1,0.0,0.0,48.0,3907.2,False
Smic.gene21354.mRNA1,0.0,0.0,46.0,4630.800000000001,False
Smic.gene21394.mRNA1,0.0,0.0,39.0,15349.900000000003,False
Smic.gene2142.mRNA1,0.0,0.0,48.0,11922.3,False
Smic.gene21441.mRNA1,0.0,0.0,50.0,12670.199999999997,False
Smic.gene21451.mRNA1,0.0,0.0,49.0,3426.500000000001,False
Smic.gene21556.mRNA1,0.0,0.0,41.0,3346.7000000000007,False
Smic.gene21589.mRNA1,0.0,0.0,46.0,8562.599999999997,False
Smic.gene21597.mRNA1,0.0,0.0,46.0,7694.900000000001,False
Smic.gene21602.mRNA1,0.0,0.0,49.0,6663.000000000001,False
Smic.gene2165.mRNA1,0.0,0.0,44.0,27575.7,False
Smic.gene21671.mRNA1,0.0,0.0,49.0,6526.199999999999,False
Smic.gene21683.mRNA1,0.0,0.0,47.0,12929.1,False
Smic.gene21696.mRNA1,0.0,0.0,48.0,24469.700000000004,False
Smic.gene21726.mRNA1,10.0,729.2000000000002,34.0,2354.3000000000006,False
Smic.gene21727.mRNA1,10.0,776.1,35.0,2469.1,False
Smic.gene21732.mRNA1,0.0,0.0,48.0,6969.499999999999,False
Smic.gene21755.mRNA1,0.0,0.0,49.0,26020.299999999996,False
Smic.gene21790.mRNA1,5.0,644.8,43.0,5735.300000000001,False
Smic.gene21792.mRNA1,0.0,0.0,49.0,23068.199999999997,False
Smic.gene21803.mRNA1,0.0,0.0,49.0,7963.999999999999,False
Smic.gene21819.mRNA1,0.0,0.0,49.0,10501.0,False
Smic.gene21823.mRNA1,0.0,0.0,47.0,20265.400000000005,False
Smic.gene21833.mRNA1,0.0,0.0,47.0,3335.9,False
Smic.gene2186.mRNA1,6.0,364.70000000000005,30.0,1931.9000000000003,False
Smic.gene21873.mRNA1,0.0,0.0,48.0,39566.9,False
Smic.gene21883.mRNA1,0.0,0.0,45.0,11676.699999999999,False
Smic.gene21886.mRNA1,0.0,0.0,47.0,6806.7,False
Smic.gene21969.mRNA1,0.0,0.0,48.0,16147.6,False
Smic.gene21994.mRNA1,0.0,0.0,49.0,23885.3,False
Smic.gene22015.mRNA1,0.0,0.0,48.0,3394.3999999999996,False
Smic.gene22082.mRNA1,0.0,0.0,49.0,11876.9,False
Smic.gene22190.mRNA1,0.0,0.0,44.0,13347.800000000001,False
Smic.gene22207.mRNA1,1.0,113.2,34.0,3947.800000000001,False
Smic.gene22308.mRNA1,5.0,501.20000000000005,5.0,489.09999999999997,True
Smic.gene22318.mRNA1,0.0,0.0,49.0,10986.5,False
Smic.gene22321.mRNA1,0.0,0.0,47.0,11801.199999999997,False
Smic.gene2233.mRNA1,0.0,0.0,48.0,5337.700000000001,False
Smic.gene22345.mRNA1,15.0,1790.0000000000002,25.0,2130.0,False
Smic.gene22456.mRNA1,0.0,0.0,49.0,5451.300000000001,False
Smic.gene22469.mRNA1,0.0,0.0,44.0,4639.400000000001,False
Smic.gene22499.mRNA1,0.0,0.0,49.0,7727.000000000002,False
Smic.gene22511.mRNA1,0.0,0.0,49.0,13370.2,False
Smic.gene22514.mRNA1,0.0,0.0,49.0,11711.100000000002,False
Smic.gene22617.mRNA1,0.0,0.0,46.0,3033.300000000002,False
Smic.gene22640.mRNA1,0.0,0.0,49.0,12827.999999999996,False
Smic.gene22650.mRNA1,0.0,0.0,49.0,3768.000000000001,False
Smic.gene22656.mRNA1,0.0,0.0,48.0,10654.3,False
Smic.gene22722.mRNA1,0.0,0.0,47.0,25074.49999999999,False
Smic.gene22726.mRNA1,0.0,0.0,47.0,3416.699999999999,False
Smic.gene22727.mRNA1,0.0,0.0,49.0,4826.499999999999,False
Smic.gene22764.mRNA1,1.0,105.9,40.0,3531.0,False
Smic.gene22819.mRNA1,0.0,0.0,49.0,3834.7,False
Smic.gene22831.mRNA1,0.0,0.0,48.0,3700.0,False
Smic.gene22841.mRNA1,1.0,88.2,44.0,4057.9999999999986,False
Smic.gene22876.mRNA1,0.0,0.0,43.0,2827.600000000001,False
Smic.gene22889.mRNA1,1.0,63.2,0.0,0.0,True
Smic.gene22917.mRNA1,0.0,0.0,49.0,15770.900000000001,False
Smic.gene22918.mRNA1,0.0,0.0,49.0,7116.4,False
Smic.gene2300.mRNA1,0.0,0.0,47.0,10774.9,False
Smic.gene23063.mRNA1,0.0,0.0,47.0,9822.099999999997,False
Smic.gene23102.mRNA1,0.0,0.0,49.0,14208.5,False
Smic.gene23105.mRNA1,0.0,0.0,47.0,17624.8,False
Smic.gene23112.mRNA1,0.0,0.0,48.0,5733.7999999999965,False
Smic.gene23134.mRNA1,0.0,0.0,48.0,18894.00000000001,False
Smic.gene23176.mRNA1,0.0,0.0,49.0,19717.699999999997,False
Smic.gene23260.mRNA1,0.0,0.0,48.0,7675.499999999996,False
Smic.gene23275.mRNA1,0.0,0.0,43.0,6738.199999999998,False
Smic.gene23281.mRNA1,0.0,0.0,41.0,8086.9,False
Smic.gene23296.mRNA1,0.0,0.0,49.0,10719.099999999997,False
Smic.gene23297.mRNA1,0.0,0.0,49.0,21716.899999999994,False
Smic.gene233.mRNA1,0.0,0.0,48.0,3039.5,False
Smic.gene23324.mRNA1,0.0,0.0,49.0,43188.9,False
Smic.gene23325.mRNA1,0.0,0.0,49.0,3862.9,False
Smic.gene23353.mRNA1,0.0,0.0,48.0,6752.300000000002,False
Smic.gene23376.mRNA1,0.0,0.0,49.0,7878.9000000000015,False
Smic.gene23386.mRNA1,1.0,115.2,48.0,5862.500000000003,False
Smic.gene23429.mRNA1,0.0,0.0,49.0,3605.9999999999995,False
Smic.gene23439.mRNA1,0.0,0.0,48.0,3081.3999999999996,False
Smic.gene23445.mRNA1,0.0,0.0,41.0,26602.700000000004,False
Smic.gene23461.mRNA1,0.0,0.0,49.0,5071.3,False
Smic.gene23462.mRNA1,0.0,0.0,46.0,6449.2999999999965,False
Smic.gene23478.mRNA1,0.0,0.0,47.0,3181.8999999999996,False
Smic.gene23581.mRNA1,0.0,0.0,41.0,2939.8999999999996,False
Smic.gene23598.mRNA1,0.0,0.0,34.0,20791.900000000005,False
Smic.gene23600.mRNA1,0.0,0.0,49.0,35727.9,False
Smic.gene2362.mRNA1,0.0,0.0,41.0,3897.200000000001,False
Smic.gene23651.mRNA1,0.0,0.0,48.0,13300.4,False
Smic.gene23663.mRNA1,0.0,0.0,48.0,6811.799999999998,False
Smic.gene23690.mRNA1,0.0,0.0,47.0,3626.500000000001,False
Smic.gene23730.mRNA1,0.0,0.0,48.0,17096.2,False
Smic.gene23733.mRNA1,0.0,0.0,47.0,17094.3,False
Smic.gene23734.mRNA1,0.0,0.0,47.0,11861.800000000001,False
Smic.gene23778.mRNA1,0.0,0.0,10.0,759.2,False
Smic.gene23793.mRNA1,0.0,0.0,39.0,2674.2999999999993,False
Smic.gene2383.mRNA1,0.0,0.0,44.0,4624.099999999999,False
Smic.gene23844.mRNA1,0.0,0.0,41.0,2587.4,False
Smic.gene23854.mRNA1,0.0,0.0,49.0,15419.600000000002,False
Smic.gene23893.mRNA1,0.0,0.0,47.0,13088.799999999994,False
Smic.gene23930.mRNA1,0.0,0.0,49.0,11104.699999999999,False
Smic.gene24024.mRNA1,0.0,0.0,46.0,6499.0999999999985,False
Smic.gene24065.mRNA1,0.0,0.0,39.0,10687.500000000002,False
Smic.gene2409.mRNA1,0.0,0.0,48.0,15130.900000000005,False
Smic.gene24149.mRNA1,0.0,0.0,45.0,3528.5000000000005,False
Smic.gene24152.mRNA1,8.0,1059.1000000000001,40.0,4795.400000000002,False
Smic.gene24155.mRNA1,0.0,0.0,49.0,3885.8000000000006,False
Smic.gene24176.mRNA1,0.0,0.0,33.0,3905.4999999999995,False
Smic.gene24190.mRNA1,0.0,0.0,48.0,6619.400000000001,False
Smic.gene24195.mRNA1,0.0,0.0,50.0,3430.2000000000007,False
Smic.gene24238.mRNA1,0.0,0.0,49.0,6800.2,False
Smic.gene24253.mRNA1,0.0,0.0,48.0,4530.799999999999,False
Smic.gene24257.mRNA1,0.0,0.0,49.0,6935.600000000001,False
Smic.gene24268.mRNA1,0.0,0.0,49.0,4838.500000000001,False
Smic.gene24287.mRNA1,0.0,0.0,41.0,22885.8,False
Smic.gene24289.mRNA1,6.0,567.3000000000001,43.0,4081.2,False
Smic.gene24304.mRNA1,0.0,0.0,49.0,3300.399999999999,False
Smic.gene24369.mRNA1,1.0,122.5,46.0,4777.000000000001,False
Smic.gene24413.mRNA1,0.0,0.0,47.0,4395.900000000001,False
Smic.gene24490.mRNA1,0.0,0.0,49.0,4515.5999999999985,False
Smic.gene24497.mRNA1,0.0,0.0,50.0,18066.8,False
Smic.gene24538.mRNA1,3.0,191.5,42.0,2709.2999999999997,False
Smic.gene24580.mRNA1,0.0,0.0,48.0,6665.7,False
Smic.gene24670.mRNA1,0.0,0.0,49.0,6006.799999999999,False
Smic.gene24692.mRNA1,0.0,0.0,48.0,4555.000000000001,False
Smic.gene24697.mRNA1,0.0,0.0,48.0,26132.699999999997,False
Smic.gene24703.mRNA1,0.0,0.0,46.0,7657.999999999998,False
Smic.gene24754.mRNA1,0.0,0.0,49.0,9623.9,False
Smic.gene24780.mRNA1,1.0,137.5,46.0,7109.699999999998,False
Smic.gene24785.mRNA1,5.0,739.8,9.0,1078.7,False
Smic.gene24874.mRNA1,0.0,0.0,49.0,19349.0,False
Smic.gene24912.mRNA1,0.0,0.0,48.0,9677.900000000001,False
Smic.gene24932.mRNA1,0.0,0.0,49.0,24959.9,False
Smic.gene24933.mRNA1,0.0,0.0,46.0,11669.300000000001,False
Smic.gene24958.mRNA1,0.0,0.0,47.0,3900.1,False
Smic.gene25013.mRNA1,0.0,0.0,50.0,27109.100000000006,False
Smic.gene25196.mRNA1,1.0,90.5,40.0,3808.3999999999996,False
Smic.gene25197.mRNA1,3.0,450.2,46.0,6323.0999999999985,False
Smic.gene25217.mRNA1,0.0,0.0,48.0,4990.199999999999,False
Smic.gene25220.mRNA1,6.0,568.8,43.0,4579.2,False
Smic.gene25247.mRNA1,0.0,0.0,37.0,2775.0000000000005,False
Smic.gene25292.mRNA1,0.0,0.0,49.0,12485.499999999998,False
Smic.gene25295.mRNA1,0.0,0.0,49.0,7796.700000000001,False
Smic.gene25325.mRNA1,0.0,0.0,48.0,4823.400000000001,False
Smic.gene25374.mRNA1,0.0,0.0,49.0,6259.2,False
Smic.gene25398.mRNA1,0.0,0.0,43.0,2973.1,False
Smic.gene25422.mRNA1,0.0,0.0,47.0,9383.5,False
Smic.gene25424.mRNA1,0.0,0.0,50.0,53083.40000000001,False
Smic.gene25464.mRNA1,2.0,126.4,4.0,295.09999999999997,False
Smic.gene2550.mRNA1,46.0,3275.9,0.0,0.0,True
Smic.gene25509.mRNA1,5.0,353.6,43.0,2975.8,False
Smic.gene25511.mRNA1,0.0,0.0,49.0,5289.300000000001,False
Smic.gene25563.mRNA1,0.0,0.0,45.0,11776.8,False
Smic.gene25581.mRNA1,0.0,0.0,48.0,19035.399999999998,False
Smic.gene25586.mRNA1,1.0,68.6,46.0,3089.599999999998,False
Smic.gene25592.mRNA1,0.0,0.0,44.0,6403.2,False
Smic.gene25625.mRNA1,0.0,0.0,43.0,5589.300000000002,False
Smic.gene25748.mRNA1,0.0,0.0,50.0,14771.3,False
Smic.gene25865.mRNA1,0.0,0.0,47.0,10795.9,False
Smic.gene25976.mRNA1,14.0,1475.1,26.0,2139.2999999999997,False
Smic.gene26000.mRNA1,10.0,816.0,34.0,2767.900000000001,False
Smic.gene26043.mRNA1,0.0,0.0,49.0,18522.1,False
Smic.gene26067.mRNA1,0.0,0.0,48.0,19970.7,False
Smic.gene26071.mRNA1,0.0,0.0,48.0,16745.6,False
Smic.gene26096.mRNA1,0.0,0.0,49.0,14196.400000000003,False
Smic.gene26098.mRNA1,0.0,0.0,48.0,7602.199999999999,False
Smic.gene26171.mRNA1,4.0,450.0,44.0,5849.7,False
Smic.gene2625.mRNA1,0.0,0.0,49.0,22328.100000000002,False
Smic.gene26261.mRNA1,1.0,65.5,48.0,3281.2,False
Smic.gene26370.mRNA1,0.0,0.0,47.0,5642.6,False
Smic.gene26408.mRNA1,0.0,0.0,49.0,6861.0999999999985,False
Smic.gene26490.mRNA1,0.0,0.0,48.0,3510.000000000002,False
Smic.gene26554.mRNA1,2.0,132.1,37.0,2455.7000000000003,False
Smic.gene26606.mRNA1,0.0,0.0,49.0,16065.300000000001,False
Smic.gene26616.mRNA1,0.0,0.0,48.0,5460.9000000000015,False
Smic.gene26694.mRNA1,0.0,0.0,45.0,29788.600000000006,False
Smic.gene26699.mRNA1,1.0,89.0,44.0,4031.7999999999997,False
Smic.gene26785.mRNA1,0.0,0.0,47.0,9938.599999999999,False
Smic.gene26804.mRNA1,0.0,0.0,48.0,13920.900000000005,False
Smic.gene26880.mRNA1,0.0,0.0,44.0,7356.099999999999,False
Smic.gene27067.mRNA1,0.0,0.0,49.0,4024.799999999999,False
Smic.gene27075.mRNA1,0.0,0.0,40.0,14710.599999999999,False
Smic.gene27087.mRNA1,1.0,76.3,47.0,3563.0,False
Smic.gene27089.mRNA1,0.0,0.0,49.0,28086.10000000001,False
Smic.gene2709.mRNA1,0.0,0.0,49.0,6666.199999999999,False
Smic.gene27215.mRNA1,0.0,0.0,29.0,1870.7999999999995,False
Smic.gene27256.mRNA1,0.0,0.0,50.0,10605.399999999998,False
Smic.gene2726.mRNA1,0.0,0.0,48.0,3377.1,False
Smic.gene27285.mRNA1,6.0,642.9,13.0,1358.0,False
Smic.gene2733.mRNA1,0.0,0.0,41.0,10077.199999999997,False
Smic.gene27348.mRNA1,0.0,0.0,50.0,8389.8,False
Smic.gene27417.mRNA1,0.0,0.0,46.0,9137.199999999999,False
Smic.gene27492.mRNA1,0.0,0.0,49.0,23137.899999999998,False
Smic.gene2751.mRNA1,0.0,0.0,48.0,9925.099999999999,False
Smic.gene27541.mRNA1,0.0,0.0,49.0,26997.699999999997,False
Smic.gene27566.mRNA1,10.0,959.5000000000001,20.0,2243.8999999999996,False
Smic.gene27569.mRNA1,0.0,0.0,50.0,22485.800000000003,False
Smic.gene27586.mRNA1,0.0,0.0,42.0,6098.499999999999,False
Smic.gene27627.mRNA1,0.0,0.0,49.0,3520.2,False
Smic.gene27697.mRNA1,0.0,0.0,47.0,8662.6,False
Smic.gene27708.mRNA1,0.0,0.0,49.0,3169.100000000001,False
Smic.gene2775.mRNA1,13.0,949.9999999999999,0.0,0.0,True
Smic.gene27945.mRNA1,0.0,0.0,47.0,4865.900000000001,False
Smic.gene27955.mRNA1,0.0,0.0,49.0,3059.2999999999997,False
Smic.gene27962.mRNA1,0.0,0.0,47.0,7564.700000000002,False
Smic.gene28031.mRNA1,0.0,0.0,44.0,3217.5999999999995,False
Smic.gene28099.mRNA1,0.0,0.0,48.0,11941.699999999997,False
Smic.gene28100.mRNA1,0.0,0.0,43.0,8275.8,False
Smic.gene28155.mRNA1,7.0,799.6000000000001,17.0,1822.6000000000001,False
Smic.gene2832.mRNA1,0.0,0.0,44.0,29346.200000000008,False
Smic.gene2842.mRNA1,0.0,0.0,48.0,4985.700000000001,False
Smic.gene28431.mRNA1,0.0,0.0,49.0,9663.7,False
Smic.gene28459.mRNA1,0.0,0.0,50.0,14046.9,False
Smic.gene2849.mRNA1,0.0,0.0,48.0,24122.700000000004,False
Smic.gene2857.mRNA1,0.0,0.0,49.0,14987.0,False
Smic.gene28776.mRNA1,5.0,390.20000000000005,20.0,1898.6000000000004,False
Smic.gene2881.mRNA1,0.0,0.0,48.0,12574.5,False
Smic.gene28833.mRNA1,0.0,0.0,48.0,7441.000000000002,False
Smic.gene28860.mRNA1,0.0,0.0,27.0,3638.2000000000007,False
Smic.gene290.mRNA1,0.0,0.0,43.0,3159.2000000000007,False
Smic.gene29006.mRNA1,4.0,262.7,43.0,2853.100000000001,False
Smic.gene29026.mRNA1,4.0,289.6,44.0,3225.100000000001,False
Smic.gene2920.mRNA1,0.0,0.0,49.0,9229.099999999999,False
Smic.gene2924.mRNA1,0.0,0.0,35.0,3411.0,False
Smic.gene29467.mRNA1,0.0,0.0,38.0,2937.199999999999,False
Smic.gene29514.mRNA1,0.0,0.0,47.0,4477.299999999998,False
Smic.gene29650.mRNA1,28.0,1916.7000000000005,7.0,590.7,True
Smic.gene2985.mRNA1,0.0,0.0,49.0,10082.2,False
Smic.gene2994.mRNA1,0.0,0.0,44.0,4079.600000000001,False
Smic.gene312.mRNA1,0.0,0.0,43.0,4886.599999999999,False
Smic.gene3240.mRNA1,1.0,61.6,0.0,0.0,True
Smic.gene3241.mRNA1,20.0,2447.2000000000003,0.0,0.0,True
Smic.gene3253.mRNA1,0.0,0.0,49.0,7027.2,False
Smic.gene3385.mRNA1,0.0,0.0,49.0,11822.800000000005,False
Smic.gene3390.mRNA1,0.0,0.0,50.0,10098.6,False
Smic.gene3395.mRNA1,0.0,0.0,49.0,11580.199999999997,False
Smic.gene3420.mRNA1,0.0,0.0,46.0,35141.3,False
Smic.gene3542.mRNA1,0.0,0.0,49.0,11191.800000000001,False
Smic.gene3573.mRNA1,0.0,0.0,47.0,5637.700000000001,False
Smic.gene3590.mRNA1,0.0,0.0,48.0,7567.2,False
Smic.gene3620.mRNA1,0.0,0.0,49.0,6459.699999999999,False
Smic.gene3687.mRNA1,0.0,0.0,49.0,9147.099999999999,False
Smic.gene3692.mRNA1,0.0,0.0,49.0,3476.799999999999,False
Smic.gene37.mRNA1,0.0,0.0,49.0,4295.199999999999,False
Smic.gene3718.mRNA1,1.0,106.3,45.0,4685.300000000001,False
Smic.gene3720.mRNA1,0.0,0.0,49.0,10543.800000000003,False
Smic.gene3876.mRNA1,0.0,0.0,46.0,9628.099999999999,False
Smic.gene3903.mRNA1,2.0,336.6,47.0,8476.000000000002,False
Smic.gene3931.mRNA1,0.0,0.0,49.0,7084.3,False
Smic.gene3940.mRNA1,0.0,0.0,49.0,4637.5999999999985,False
Smic.gene3955.mRNA1,0.0,0.0,40.0,9760.799999999997,False
Smic.gene396.mRNA1,0.0,0.0,34.0,5541.8,False
Smic.gene4031.mRNA1,0.0,0.0,48.0,10728.999999999998,False
Smic.gene4037.mRNA1,0.0,0.0,48.0,29009.900000000005,False
Smic.gene4040.mRNA1,0.0,0.0,49.0,3454.5000000000005,False
Smic.gene4043.mRNA1,0.0,0.0,50.0,16343.600000000011,False
Smic.gene4069.mRNA1,4.0,259.2,0.0,0.0,True
Smic.gene4245.mRNA1,0.0,0.0,48.0,7218.900000000001,False
Smic.gene4277.mRNA1,0.0,0.0,14.0,3332.6000000000004,False
Smic.gene436.mRNA1,0.0,0.0,49.0,16217.699999999995,False
Smic.gene4372.mRNA1,0.0,0.0,39.0,5472.7,False
Smic.gene441.mRNA1,0.0,0.0,32.0,8434.599999999999,False
Smic.gene4416.mRNA1,10.0,824.4000000000001,18.0,1716.3999999999999,False
Smic.gene4456.mRNA1,49.0,8587.4,0.0,0.0,True
Smic.gene4474.mRNA1,0.0,0.0,47.0,3799.599999999999,False
Smic.gene4517.mRNA1,0.0,0.0,49.0,26698.8,False
Smic.gene4521.mRNA1,1.0,61.6,46.0,2898.399999999999,False
Smic.gene4534.mRNA1,1.0,87.0,47.0,3434.100000000001,False
Smic.gene4653.mRNA1,11.0,1125.7000000000003,16.0,2157.3999999999996,False
Smic.gene4715.mRNA1,0.0,0.0,50.0,9448.999999999998,False
Smic.gene4794.mRNA1,0.0,0.0,39.0,5034.200000000001,False
Smic.gene4830.mRNA1,0.0,0.0,49.0,18248.700000000004,False
Smic.gene4874.mRNA1,0.0,0.0,49.0,21376.5,False
Smic.gene4880.mRNA1,0.0,0.0,49.0,6121.8,False
Smic.gene4923.mRNA1,6.0,1527.1999999999998,36.0,9367.6,False
Smic.gene5146.mRNA1,3.0,351.3,15.0,1296.8999999999999,False
Smic.gene5183.mRNA1,0.0,0.0,40.0,12812.2,False
Smic.gene5234.mRNA1,6.0,723.0,9.0,1062.6000000000001,False
Smic.gene5274.mRNA1,1.0,134.8,34.0,4484.2,False
Smic.gene5329.mRNA1,1.0,116.7,44.0,5111.400000000001,False
Smic.gene5354.mRNA1,1.0,184.1,36.0,7865.799999999998,False
Smic.gene5406.mRNA1,11.0,1498.6999999999998,39.0,5383.999999999999,False
Smic.gene553.mRNA1,1.0,71.6,44.0,3221.3,False
Smic.gene5618.mRNA1,0.0,0.0,36.0,5717.4,False
Smic.gene5658.mRNA1,0.0,0.0,47.0,9046.300000000001,False
Smic.gene5671.mRNA1,0.0,0.0,47.0,24642.499999999993,False
Smic.gene5683.mRNA1,0.0,0.0,46.0,6825.999999999998,False
Smic.gene5772.mRNA1,0.0,0.0,49.0,9358.900000000001,False
Smic.gene5782.mRNA1,0.0,0.0,50.0,16313.5,False
Smic.gene5857.mRNA1,0.0,0.0,50.0,10121.8,False
Smic.gene59.mRNA1,0.0,0.0,26.0,5716.600000000001,False
Smic.gene5950.mRNA1,0.0,0.0,43.0,4534.600000000001,False
Smic.gene6011.mRNA1,0.0,0.0,49.0,11345.300000000003,False
Smic.gene6014.mRNA1,0.0,0.0,49.0,6858.699999999999,False
Smic.gene6022.mRNA1,0.0,0.0,48.0,14155.900000000001,False
Smic.gene6035.mRNA1,0.0,0.0,45.0,9913.1,False
Smic.gene6041.mRNA1,0.0,0.0,48.0,10479.000000000004,False
Smic.gene6049.mRNA1,0.0,0.0,49.0,9022.4,False
Smic.gene6070.mRNA1,0.0,0.0,49.0,12520.699999999997,False
Smic.gene6082.mRNA1,2.0,208.3,45.0,4362.6,False
Smic.gene6114.mRNA1,0.0,0.0,44.0,9715.499999999998,False
Smic.gene6122.mRNA1,0.0,0.0,49.0,3628.8000000000015,False
Smic.gene613.mRNA1,0.0,0.0,49.0,3385.7000000000003,False
Smic.gene6150.mRNA1,1.0,127.1,32.0,5395.599999999999,False
Smic.gene6177.mRNA1,0.0,0.0,49.0,17219.5,False
Smic.gene6191.mRNA1,0.0,0.0,48.0,5284.5,False
Smic.gene6197.mRNA1,0.0,0.0,48.0,7178.899999999997,False
Smic.gene6212.mRNA1,0.0,0.0,47.0,33037.60000000001,False
Smic.gene6272.mRNA1,0.0,0.0,46.0,9870.199999999997,False
Smic.gene6273.mRNA1,0.0,0.0,47.0,6189.300000000002,False
Smic.gene6287.mRNA1,0.0,0.0,42.0,6283.4,False
Smic.gene6296.mRNA1,0.0,0.0,49.0,22880.600000000006,False
Smic.gene631.mRNA1,0.0,0.0,48.0,4441.499999999998,False
Smic.gene6353.mRNA1,1.0,197.2,36.0,9433.200000000003,False
Smic.gene6394.mRNA1,0.0,0.0,46.0,3847.7,False
Smic.gene6438.mRNA1,0.0,0.0,42.0,19458.199999999997,False
Smic.gene6526.mRNA1,2.0,329.70000000000005,47.0,7800.599999999999,False
Smic.gene6645.mRNA1,0.0,0.0,48.0,13869.9,False
Smic.gene672.mRNA1,0.0,0.0,44.0,7042.699999999999,False
Smic.gene6747.mRNA1,0.0,0.0,48.0,15878.599999999999,False
Smic.gene6754.mRNA1,0.0,0.0,48.0,13082.6,False
Smic.gene6774.mRNA1,6.0,454.0,0.0,0.0,True
Smic.gene6846.mRNA1,0.0,0.0,45.0,35837.40000000001,False
Smic.gene6852.mRNA1,0.0,0.0,49.0,4640.199999999999,False
Smic.gene6888.mRNA1,0.0,0.0,49.0,9723.499999999998,False
Smic.gene6916.mRNA1,0.0,0.0,48.0,11230.2,False
Smic.gene6949.mRNA1,0.0,0.0,26.0,2088.1,False
Smic.gene695.mRNA1,0.0,0.0,49.0,4171.5999999999985,False
Smic.gene6965.mRNA1,0.0,0.0,45.0,10618.800000000005,False
Smic.gene7032.mRNA1,0.0,0.0,50.0,10205.299999999997,False
Smic.gene7153.mRNA1,1.0,90.1,44.0,4067.000000000001,False
Smic.gene72.mRNA1,0.0,0.0,49.0,7159.2,False
Smic.gene7216.mRNA1,0.0,0.0,49.0,9139.800000000003,False
Smic.gene7262.mRNA1,0.0,0.0,48.0,14887.499999999996,False
Smic.gene7297.mRNA1,0.0,0.0,48.0,4324.199999999998,False
Smic.gene7305.mRNA1,0.0,0.0,47.0,14226.69999999999,False
Smic.gene7342.mRNA1,0.0,0.0,48.0,16870.300000000003,False
Smic.gene7346.mRNA1,0.0,0.0,49.0,8102.099999999998,False
Smic.gene7366.mRNA1,0.0,0.0,48.0,17908.300000000003,False
Smic.gene7375.mRNA1,0.0,0.0,50.0,30715.1,False
Smic.gene741.mRNA1,0.0,0.0,47.0,27994.4,False
Smic.gene7432.mRNA1,0.0,0.0,48.0,24295.300000000003,False
Smic.gene7479.mRNA1,0.0,0.0,38.0,20941.7,False
Smic.gene7494.mRNA1,1.0,100.5,44.0,4474.300000000001,False
Smic.gene7508.mRNA1,0.0,0.0,49.0,5996.199999999999,False
Smic.gene7522.mRNA1,0.0,0.0,49.0,10198.800000000001,False
Smic.gene7542.mRNA1,0.0,0.0,44.0,5114.599999999999,False
Smic.gene7545.mRNA1,0.0,0.0,49.0,6128.499999999997,False
Smic.gene7547.mRNA1,0.0,0.0,45.0,6593.100000000001,False
Smic.gene7551.mRNA1,0.0,0.0,47.0,3337.3999999999983,False
Smic.gene7563.mRNA1,1.0,121.3,48.0,6188.500000000001,False
Smic.gene7594.mRNA1,0.0,0.0,49.0,6822.2,False
Smic.gene7673.mRNA1,1.0,90.5,32.0,2871.4999999999995,False
Smic.gene7765.mRNA1,2.0,132.4,46.0,3353.499999999999,False
Smic.gene7784.mRNA1,0.0,0.0,48.0,15116.899999999998,False
Smic.gene7835.mRNA1,1.0,139.0,34.0,5872.100000000001,False
Smic.gene7854.mRNA1,1.0,63.2,0.0,0.0,True
Smic.gene7856.mRNA1,0.0,0.0,49.0,7372.599999999998,False
Smic.gene7905.mRNA1,0.0,0.0,48.0,32368.300000000003,False
Smic.gene7913.mRNA1,0.0,0.0,49.0,16024.8,False
Smic.gene793.mRNA1,0.0,0.0,41.0,4144.199999999999,False
Smic.gene794.mRNA1,0.0,0.0,41.0,3492.1000000000004,False
Smic.gene7993.mRNA1,0.0,0.0,45.0,23580.000000000004,False
Smic.gene809.mRNA1,0.0,0.0,49.0,19183.8,False
Smic.gene8109.mRNA1,0.0,0.0,48.0,3733.300000000002,False
Smic.gene8118.mRNA1,0.0,0.0,47.0,8779.099999999999,False
Smic.gene8124.mRNA1,0.0,0.0,48.0,22809.200000000004,False
Smic.gene8197.mRNA1,0.0,0.0,48.0,27124.799999999996,False
Smic.gene8212.mRNA1,7.0,950.2,8.0,1055.3,False
Smic.gene8214.mRNA1,0.0,0.0,38.0,2637.499999999999,False
Smic.gene8225.mRNA1,0.0,0.0,49.0,18773.100000000002,False
Smic.gene8294.mRNA1,0.0,0.0,43.0,4476.3,False
Smic.gene8336.mRNA1,0.0,0.0,50.0,9892.7,False
Smic.gene8383.mRNA1,0.0,0.0,49.0,3700.8999999999996,False
Smic.gene8405.mRNA1,0.0,0.0,49.0,8555.299999999997,False
Smic.gene8490.mRNA1,0.0,0.0,48.0,5834.099999999998,False
Smic.gene8513.mRNA1,0.0,0.0,49.0,15176.599999999995,False
Smic.gene8519.mRNA1,0.0,0.0,49.0,3761.900000000001,False
Smic.gene8553.mRNA1,0.0,0.0,48.0,9195.7,False
Smic.gene8585.mRNA1,0.0,0.0,49.0,5674.899999999997,False
Smic.gene8616.mRNA1,1.0,86.7,48.0,4205.4,False
Smic.gene8778.mRNA1,34.0,2645.9999999999995,7.0,575.8,True
Smic.gene8780.mRNA1,0.0,0.0,46.0,12453.499999999996,False
Smic.gene8861.mRNA1,0.0,0.0,49.0,5594.6,False
Smic.gene8873.mRNA1,0.0,0.0,16.0,1377.0,False
Smic.gene8886.mRNA1,0.0,0.0,49.0,9868.2,False
Smic.gene8897.mRNA1,0.0,0.0,47.0,11269.499999999995,False
Smic.gene8980.mRNA1,0.0,0.0,49.0,5911.500000000001,False
Smic.gene9003.mRNA1,0.0,0.0,49.0,12886.300000000003,False
Smic.gene9011.mRNA1,0.0,0.0,48.0,6632.499999999999,False
Smic.gene9031.mRNA1,0.0,0.0,49.0,21660.899999999998,False
Smic.gene9050.mRNA1,0.0,0.0,46.0,5954.100000000003,False
Smic.gene9106.mRNA1,1.0,120.2,46.0,4270.9,False
Smic.gene9131.mRNA1,0.0,0.0,49.0,7989.100000000004,False
Smic.gene9135.mRNA1,0.0,0.0,47.0,24641.199999999997,False
Smic.gene9149.mRNA1,0.0,0.0,38.0,3043.0,False
Smic.gene9197.mRNA1,0.0,0.0,49.0,6975.299999999997,False
Smic.gene9273.mRNA1,0.0,0.0,44.0,3262.9000000000005,False
Smic.gene9433.mRNA1,0.0,0.0,39.0,24461.100000000002,False
Smic.gene9434.mRNA1,0.0,0.0,48.0,10930.7,False
Smic.gene9438.mRNA1,0.0,0.0,47.0,5028.000000000001,False
Smic.gene955.mRNA1,0.0,0.0,50.0,27420.7,False
Smic.gene9573.mRNA1,0.0,0.0,49.0,6229.499999999999,False
Smic.gene9612.mRNA1,0.0,0.0,50.0,15550.900000000001,False
Smic.gene9705.mRNA1,0.0,0.0,49.0,16960.9,False
Smic.gene9726.mRNA1,0.0,0.0,49.0,3037.8,False
Smic.gene9742.mRNA1,0.0,0.0,47.0,3445.899999999999,False
Smic.gene9754.mRNA1,0.0,0.0,45.0,9152.1,False
Smic.gene9867.mRNA1,0.0,0.0,50.0,4098.200000000001,False
Smic.gene9901.mRNA1,10.0,959.9999999999999,19.0,1989.0,False
Smic.gene9949.mRNA1,0.0,0.0,48.0,11409.1,False
